model,task,ep,method,n,steps,span,demo,wrist,ref,exec,dup,paid
vanilla,SwingXtimes,760,nov,512,41,0-376,0.0,0.662109375,0/0,6/6,0.736328125,
vanilla,SwingXtimes,760,act_L13,512,51,16-384,0.0,0.2578125,0/0,6/6,0.87890625,
vanilla,SwingXtimes,760,tail_L13,512,51,16-392,0.0,0.416015625,0/0,6/6,0.892578125,
vanilla,SwingXtimes,760,tail_L15,512,51,24-384,0.0,0.796875,0/0,6/6,0.91796875,
vanilla,SwingXtimes,760,act∪tail_L15,512,51,24-384,0.0,0.59375,0/0,6/6,0.892578125,256/256
vanilla,SwingXtimes,760,nov∪act (deployed),512,51,0-379,0.0,0.486328125,0/0,6/6,0.759765625,256/256
vanilla,SwingXtimes,760,nov∪tail_L15,512,51,0-376,0.0,0.740234375,0/0,6/6,0.76171875,256/256
vanilla,SwingXtimes,760,nov∪act∪tail_L15,512,51,0-376,0.0,0.58984375,0/0,6/6,0.767578125,171/171/170
vanilla,SwingXtimes,760,nov∪act∪tail_L13,512,51,0-376,0.0,0.365234375,0/0,6/6,0.759765625,171/171/170
vanilla,SwingXtimes,760,f0front∪act∪tail_L15,512,51,0-384,0.0,0.517578125,0/0,6/6,0.78515625,80/216/216
vanilla,SwingXtimes,760,f0both∪act∪tail_L15,512,51,0-376,0.0,0.591796875,0/0,6/6,0.68359375,160/176/176
vanilla,PatternLock,26,nov,512,14,0-120,0.515625,0.607421875,2/2,1/1,0.712890625,
vanilla,PatternLock,26,act_L13,512,17,0-123,0.525390625,0.298828125,2/2,1/1,0.87109375,
vanilla,PatternLock,26,tail_L13,512,17,0-128,0.53125,0.4765625,2/2,1/1,0.861328125,
vanilla,PatternLock,26,tail_L15,512,17,8-123,0.525390625,0.654296875,2/2,1/1,0.88671875,
vanilla,PatternLock,26,act∪tail_L15,512,17,8-128,0.5078125,0.556640625,2/2,1/1,0.875,256/256
vanilla,PatternLock,26,nov∪act (deployed),512,17,0-120,0.5703125,0.41796875,2/2,1/1,0.76171875,256/256
vanilla,PatternLock,26,nov∪tail_L15,512,17,0-120,0.5625,0.59765625,2/2,1/1,0.755859375,256/256
vanilla,PatternLock,26,nov∪act∪tail_L15,512,17,0-120,0.556640625,0.54296875,2/2,1/1,0.765625,171/171/170
vanilla,PatternLock,26,nov∪act∪tail_L13,512,17,0-120,0.568359375,0.423828125,2/2,1/1,0.76953125,171/171/170
vanilla,PatternLock,26,f0front∪act∪tail_L15,512,17,0-128,0.5859375,0.51171875,2/2,1/1,0.7734375,81/216/215
vanilla,PatternLock,26,f0both∪act∪tail_L15,512,17,0-120,0.6484375,0.599609375,2/2,1/1,0.68359375,154/179/179
vanilla,ButtonUnmask,200,nov,512,34,0-264,0.0,0.783203125,2/2,7/7,0.7109375,
vanilla,ButtonUnmask,200,act_L13,512,37,16-272,0.0,0.22265625,2/2,7/7,0.908203125,
vanilla,ButtonUnmask,200,tail_L13,512,37,16-280,0.0,0.529296875,2/2,7/7,0.888671875,
vanilla,ButtonUnmask,200,tail_L15,512,37,8-275,0.0,0.6796875,2/2,7/7,0.9140625,
vanilla,ButtonUnmask,200,act∪tail_L15,512,37,8-280,0.0,0.501953125,2/2,7/7,0.916015625,256/256
vanilla,ButtonUnmask,200,nov∪act (deployed),512,37,0-267,0.0,0.466796875,2/2,7/7,0.74609375,256/256
vanilla,ButtonUnmask,200,nov∪tail_L15,512,37,0-272,0.0,0.7109375,2/2,7/7,0.7421875,256/256
vanilla,ButtonUnmask,200,nov∪act∪tail_L15,512,37,0-264,0.0,0.537109375,2/2,7/7,0.751953125,171/171/170
vanilla,ButtonUnmask,200,nov∪act∪tail_L13,512,37,0-272,0.0,0.3828125,2/2,7/7,0.755859375,171/171/170
vanilla,ButtonUnmask,200,f0front∪act∪tail_L15,512,37,0-272,0.0,0.4375,2/2,7/7,0.796875,79/217/216
vanilla,ButtonUnmask,200,f0both∪act∪tail_L15,512,37,0-264,0.0,0.52734375,2/2,7/7,0.68359375,157/178/177
vanilla,VideoPlaceButton,300,nov,512,80,0-984,0.79296875,0.7578125,16/16,7/7,0.708984375,
vanilla,VideoPlaceButton,300,act_L13,512,131,36-992,0.736328125,0.1875,16/16,7/7,0.912109375,
vanilla,VideoPlaceButton,300,tail_L13,512,130,56-992,0.736328125,0.2421875,16/16,7/7,0.908203125,
vanilla,VideoPlaceButton,300,tail_L15,512,129,56-992,0.767578125,0.76171875,15/16,7/7,0.94921875,
vanilla,VideoPlaceButton,300,act∪tail_L15,512,131,64-992,0.748046875,0.537109375,16/16,7/7,0.916015625,256/256
vanilla,VideoPlaceButton,300,nov∪act (deployed),512,126,0-1003,0.783203125,0.435546875,16/16,7/7,0.732421875,256/256
vanilla,VideoPlaceButton,300,nov∪tail_L15,512,124,0-995,0.794921875,0.734375,16/16,7/7,0.736328125,256/256
vanilla,VideoPlaceButton,300,nov∪act∪tail_L15,512,129,0-995,0.75390625,0.55859375,16/16,7/7,0.759765625,171/171/170
vanilla,VideoPlaceButton,300,nov∪act∪tail_L13,512,117,0-992,0.765625,0.298828125,16/16,7/7,0.771484375,171/171/170
vanilla,VideoPlaceButton,300,f0front∪act∪tail_L15,512,130,0-984,0.783203125,0.474609375,16/16,7/7,0.79296875,80/216/216
vanilla,VideoPlaceButton,300,f0both∪act∪tail_L15,512,128,0-976,0.79296875,0.5625,16/16,7/7,0.68359375,160/176/176
vanilla,RouteStick,1112,nov,512,25,0-184,0.572265625,0.75,2/2,3/3,0.716796875,
vanilla,RouteStick,1112,act_L13,512,25,8-184,0.5078125,0.3515625,2/2,3/3,0.849609375,
vanilla,RouteStick,1112,tail_L13,512,25,8-187,0.529296875,0.5234375,2/2,3/3,0.859375,
vanilla,RouteStick,1112,tail_L15,512,25,8-184,0.515625,0.7109375,2/2,3/3,0.8828125,
vanilla,RouteStick,1112,act∪tail_L15,512,25,8-184,0.50390625,0.572265625,2/2,3/3,0.865234375,256/256
vanilla,RouteStick,1112,nov∪act (deployed),512,25,0-184,0.58203125,0.56640625,2/2,3/3,0.724609375,256/256
vanilla,RouteStick,1112,nov∪tail_L15,512,25,0-184,0.578125,0.697265625,2/2,3/3,0.728515625,256/256
vanilla,RouteStick,1112,nov∪act∪tail_L15,512,25,0-184,0.6015625,0.626953125,2/2,3/3,0.736328125,171/171/170
vanilla,RouteStick,1112,nov∪act∪tail_L13,512,25,0-184,0.595703125,0.486328125,2/2,3/3,0.734375,171/171/170
vanilla,RouteStick,1112,f0front∪act∪tail_L15,512,25,0-184,0.58984375,0.525390625,2/2,3/3,0.763671875,81/216/215
vanilla,RouteStick,1112,f0both∪act∪tail_L15,512,25,0-184,0.67578125,0.625,2/2,3/3,0.68359375,155/179/178
expd_framesamp,SwingXtimes,760,nov,512,41,0-376,0.0,0.662109375,0/0,6/6,0.736328125,
expd_framesamp,SwingXtimes,760,act_L13,512,51,24-384,0.0,0.337890625,0/0,6/6,0.87890625,
expd_framesamp,SwingXtimes,760,tail_L13,512,51,16-384,0.0,0.34375,0/0,6/6,0.8828125,
expd_framesamp,SwingXtimes,760,tail_L15,512,51,20-384,0.0,0.673828125,0/0,6/6,0.904296875,
expd_framesamp,SwingXtimes,760,act∪tail_L15,512,51,16-376,0.0,0.53515625,0/0,6/6,0.888671875,256/256
expd_framesamp,SwingXtimes,760,nov∪act (deployed),512,51,0-371,0.0,0.50390625,0/0,6/6,0.75390625,256/256
expd_framesamp,SwingXtimes,760,nov∪tail_L15,512,51,0-376,0.0,0.666015625,0/0,6/6,0.759765625,256/256
expd_framesamp,SwingXtimes,760,nov∪act∪tail_L15,512,51,0-368,0.0,0.560546875,0/0,6/6,0.7578125,171/171/170
expd_framesamp,SwingXtimes,760,nov∪act∪tail_L13,512,51,0-368,0.0,0.361328125,0/0,6/6,0.75390625,171/171/170
expd_framesamp,SwingXtimes,760,f0front∪act∪tail_L15,512,51,0-376,0.0,0.466796875,0/0,6/6,0.78515625,81/216/215
expd_framesamp,SwingXtimes,760,f0both∪act∪tail_L15,512,51,0-363,0.0,0.552734375,0/0,6/6,0.68359375,159/177/176
expd_framesamp,PatternLock,26,nov,512,14,0-120,0.515625,0.607421875,2/2,1/1,0.712890625,
expd_framesamp,PatternLock,26,act_L13,512,17,0-128,0.564453125,0.349609375,2/2,1/1,0.87890625,
expd_framesamp,PatternLock,26,tail_L13,512,17,0-128,0.5390625,0.42578125,2/2,1/1,0.873046875,
expd_framesamp,PatternLock,26,tail_L15,512,17,8-128,0.529296875,0.5,2/2,1/1,0.888671875,
expd_framesamp,PatternLock,26,act∪tail_L15,512,17,0-128,0.541015625,0.47265625,2/2,1/1,0.88671875,256/256
expd_framesamp,PatternLock,26,nov∪act (deployed),512,17,0-120,0.5703125,0.453125,2/2,1/1,0.76171875,256/256
expd_framesamp,PatternLock,26,nov∪tail_L15,512,17,0-120,0.56640625,0.486328125,2/2,1/1,0.755859375,256/256
expd_framesamp,PatternLock,26,nov∪act∪tail_L15,512,17,0-120,0.578125,0.478515625,2/2,1/1,0.765625,171/171/170
expd_framesamp,PatternLock,26,nov∪act∪tail_L13,512,17,0-120,0.572265625,0.443359375,2/2,1/1,0.76953125,171/171/170
expd_framesamp,PatternLock,26,f0front∪act∪tail_L15,512,17,0-120,0.591796875,0.41796875,2/2,1/1,0.783203125,80/216/216
expd_framesamp,PatternLock,26,f0both∪act∪tail_L15,512,17,0-120,0.6640625,0.517578125,2/2,1/1,0.68359375,153/180/179
expd_framesamp,ButtonUnmask,200,nov,512,34,0-264,0.0,0.783203125,2/2,7/7,0.7109375,
expd_framesamp,ButtonUnmask,200,act_L13,512,37,16-272,0.0,0.369140625,2/2,7/7,0.89453125,
expd_framesamp,ButtonUnmask,200,tail_L13,512,37,16-280,0.0,0.509765625,2/2,7/7,0.8984375,
expd_framesamp,ButtonUnmask,200,tail_L15,512,37,16-280,0.0,0.591796875,2/2,7/7,0.91015625,
expd_framesamp,ButtonUnmask,200,act∪tail_L15,512,37,8-272,0.0,0.501953125,2/2,7/7,0.904296875,256/256
expd_framesamp,ButtonUnmask,200,nov∪act (deployed),512,37,0-264,0.0,0.57421875,2/2,7/7,0.744140625,256/256
expd_framesamp,ButtonUnmask,200,nov∪tail_L15,512,37,0-272,0.0,0.60546875,2/2,7/7,0.744140625,256/256
expd_framesamp,ButtonUnmask,200,nov∪act∪tail_L15,512,37,0-264,0.0,0.53125,2/2,7/7,0.75,171/171/170
expd_framesamp,ButtonUnmask,200,nov∪act∪tail_L13,512,37,0-264,0.0,0.466796875,2/2,7/7,0.751953125,171/171/170
expd_framesamp,ButtonUnmask,200,f0front∪act∪tail_L15,512,37,0-267,0.0,0.43359375,2/2,7/7,0.7890625,80/216/216
expd_framesamp,ButtonUnmask,200,f0both∪act∪tail_L15,512,37,0-264,0.0,0.515625,2/2,7/7,0.68359375,157/178/177
expd_framesamp,VideoPlaceButton,300,nov,512,80,0-984,0.79296875,0.7578125,16/16,7/7,0.708984375,
expd_framesamp,VideoPlaceButton,300,act_L13,512,129,36-1008,0.6796875,0.439453125,16/16,7/7,0.8984375,
expd_framesamp,VideoPlaceButton,300,tail_L13,512,130,48-976,0.703125,0.25390625,16/16,7/7,0.927734375,
expd_framesamp,VideoPlaceButton,300,tail_L15,512,131,72-992,0.765625,0.544921875,16/16,7/7,0.92578125,
expd_framesamp,VideoPlaceButton,300,act∪tail_L15,512,130,52-1000,0.728515625,0.58984375,16/16,7/7,0.921875,256/256
expd_framesamp,VideoPlaceButton,300,nov∪act (deployed),512,125,0-1008,0.759765625,0.580078125,16/16,7/7,0.732421875,256/256
expd_framesamp,VideoPlaceButton,300,nov∪tail_L15,512,126,0-979,0.796875,0.66015625,16/16,7/7,0.748046875,256/256
expd_framesamp,VideoPlaceButton,300,nov∪act∪tail_L15,512,128,0-976,0.748046875,0.6015625,16/16,7/7,0.771484375,171/171/170
expd_framesamp,VideoPlaceButton,300,nov∪act∪tail_L13,512,125,0-968,0.73046875,0.423828125,16/16,7/7,0.7734375,171/171/170
expd_framesamp,VideoPlaceButton,300,f0front∪act∪tail_L15,512,130,0-987,0.75,0.529296875,16/16,7/7,0.806640625,81/216/215
expd_framesamp,VideoPlaceButton,300,f0both∪act∪tail_L15,512,127,0-960,0.7890625,0.60546875,16/16,7/7,0.68359375,160/176/176
expd_framesamp,RouteStick,1112,nov,512,25,0-184,0.572265625,0.75,2/2,3/3,0.716796875,
expd_framesamp,RouteStick,1112,act_L13,512,25,8-184,0.537109375,0.458984375,2/2,3/3,0.865234375,
expd_framesamp,RouteStick,1112,tail_L13,512,25,8-184,0.521484375,0.525390625,2/2,3/3,0.86328125,
expd_framesamp,RouteStick,1112,tail_L15,512,25,8-192,0.513671875,0.666015625,2/2,3/3,0.87890625,
expd_framesamp,RouteStick,1112,act∪tail_L15,512,25,8-184,0.521484375,0.63671875,2/2,3/3,0.869140625,256/256
expd_framesamp,RouteStick,1112,nov∪act (deployed),512,25,0-184,0.583984375,0.6171875,2/2,3/3,0.728515625,256/256
expd_framesamp,RouteStick,1112,nov∪tail_L15,512,25,0-184,0.58203125,0.6875,2/2,3/3,0.724609375,256/256
expd_framesamp,RouteStick,1112,nov∪act∪tail_L15,512,25,0-184,0.59375,0.638671875,2/2,3/3,0.740234375,171/171/170
expd_framesamp,RouteStick,1112,nov∪act∪tail_L13,512,25,0-184,0.580078125,0.533203125,2/2,3/3,0.73828125,171/171/170
expd_framesamp,RouteStick,1112,f0front∪act∪tail_L15,512,25,0-184,0.57421875,0.568359375,2/2,3/3,0.767578125,81/216/215
expd_framesamp,RouteStick,1112,f0both∪act∪tail_L15,512,25,0-184,0.662109375,0.630859375,2/2,3/3,0.68359375,154/179/179
HAMLET,SwingXtimes,760,nov,512,41,0-376,0.0,0.662109375,0/0,6/6,0.736328125,
HAMLET,SwingXtimes,760,act_L13,512,51,24-384,0.0,0.353515625,0/0,6/6,0.912109375,
HAMLET,SwingXtimes,760,tail_L13,512,51,24-384,0.0,0.783203125,0/0,6/6,0.90625,
HAMLET,SwingXtimes,760,tail_L15,512,51,32-384,0.0,0.658203125,0/0,6/6,0.896484375,
HAMLET,SwingXtimes,760,act∪tail_L15,512,51,24-384,0.0,0.521484375,0/0,6/6,0.8984375,256/256
HAMLET,SwingXtimes,760,nov∪act (deployed),512,51,0-368,0.0,0.505859375,0/0,6/6,0.759765625,256/256
HAMLET,SwingXtimes,760,nov∪tail_L15,512,51,0-376,0.0,0.630859375,0/0,6/6,0.751953125,256/256
HAMLET,SwingXtimes,760,nov∪act∪tail_L15,512,51,0-371,0.0,0.494140625,0/0,6/6,0.75390625,171/171/170
HAMLET,SwingXtimes,760,nov∪act∪tail_L13,512,51,0-376,0.0,0.556640625,0/0,6/6,0.763671875,171/171/170
HAMLET,SwingXtimes,760,f0front∪act∪tail_L15,512,51,0-376,0.0,0.42578125,0/0,6/6,0.7890625,80/216/216
HAMLET,SwingXtimes,760,f0both∪act∪tail_L15,512,51,0-368,0.0,0.490234375,0/0,6/6,0.68359375,159/177/176
HAMLET,PatternLock,26,nov,512,14,0-120,0.515625,0.607421875,2/2,1/1,0.712890625,
HAMLET,PatternLock,26,act_L13,512,17,0-128,0.541015625,0.314453125,2/2,1/1,0.86328125,
HAMLET,PatternLock,26,tail_L13,512,17,0-128,0.51953125,0.724609375,2/2,1/1,0.859375,
HAMLET,PatternLock,26,tail_L15,512,17,4-128,0.53515625,0.5390625,2/2,1/1,0.876953125,
HAMLET,PatternLock,26,act∪tail_L15,512,17,0-128,0.5234375,0.505859375,2/2,1/1,0.869140625,256/256
HAMLET,PatternLock,26,nov∪act (deployed),512,17,0-120,0.556640625,0.427734375,2/2,1/1,0.76171875,256/256
HAMLET,PatternLock,26,nov∪tail_L15,512,17,0-120,0.560546875,0.541015625,2/2,1/1,0.755859375,256/256
HAMLET,PatternLock,26,nov∪act∪tail_L15,512,17,0-120,0.58203125,0.515625,2/2,1/1,0.76953125,171/171/170
HAMLET,PatternLock,26,nov∪act∪tail_L13,512,17,0-120,0.58203125,0.529296875,2/2,1/1,0.771484375,171/171/170
HAMLET,PatternLock,26,f0front∪act∪tail_L15,512,17,0-128,0.595703125,0.470703125,2/2,1/1,0.7734375,80/216/216
HAMLET,PatternLock,26,f0both∪act∪tail_L15,512,17,0-120,0.658203125,0.55078125,2/2,1/1,0.68359375,154/179/179
HAMLET,ButtonUnmask,200,nov,512,34,0-264,0.0,0.783203125,2/2,7/7,0.7109375,
HAMLET,ButtonUnmask,200,act_L13,512,37,8-272,0.0,0.29296875,2/2,7/7,0.91796875,
HAMLET,ButtonUnmask,200,tail_L13,512,37,8-280,0.0,0.77734375,2/2,7/7,0.908203125,
HAMLET,ButtonUnmask,200,tail_L15,512,37,16-272,0.0,0.693359375,2/2,7/7,0.900390625,
HAMLET,ButtonUnmask,200,act∪tail_L15,512,37,16-272,0.0,0.501953125,2/2,7/7,0.908203125,256/256
HAMLET,ButtonUnmask,200,nov∪act (deployed),512,37,0-272,0.0,0.5078125,2/2,7/7,0.74609375,256/256
HAMLET,ButtonUnmask,200,nov∪tail_L15,512,37,0-264,0.0,0.669921875,2/2,7/7,0.734375,256/256
HAMLET,ButtonUnmask,200,nov∪act∪tail_L15,512,37,0-272,0.0,0.4921875,2/2,7/7,0.748046875,171/171/170
HAMLET,ButtonUnmask,200,nov∪act∪tail_L13,512,37,0-272,0.0,0.533203125,2/2,7/7,0.75390625,171/171/170
HAMLET,ButtonUnmask,200,f0front∪act∪tail_L15,512,37,0-272,0.0,0.408203125,2/2,7/7,0.787109375,81/216/215
HAMLET,ButtonUnmask,200,f0both∪act∪tail_L15,512,37,0-272,0.0,0.474609375,2/2,7/7,0.68359375,160/176/176
HAMLET,VideoPlaceButton,300,nov,512,80,0-984,0.79296875,0.7578125,16/16,7/7,0.708984375,
HAMLET,VideoPlaceButton,300,act_L13,512,127,32-1008,0.69921875,0.345703125,16/16,7/7,0.958984375,
HAMLET,VideoPlaceButton,300,tail_L13,512,131,40-984,0.734375,0.78125,16/16,7/7,0.93359375,
HAMLET,VideoPlaceButton,300,tail_L15,512,130,48-976,0.73046875,0.623046875,16/16,7/7,0.923828125,
HAMLET,VideoPlaceButton,300,act∪tail_L15,512,127,40-1000,0.720703125,0.369140625,15/16,7/7,0.93359375,256/256
HAMLET,VideoPlaceButton,300,nov∪act (deployed),512,111,0-1016,0.759765625,0.419921875,16/16,7/7,0.74609375,256/256
HAMLET,VideoPlaceButton,300,nov∪tail_L15,512,122,0-968,0.787109375,0.595703125,16/16,7/7,0.734375,256/256
HAMLET,VideoPlaceButton,300,nov∪act∪tail_L15,512,126,0-1000,0.759765625,0.369140625,15/16,7/7,0.767578125,171/171/170
HAMLET,VideoPlaceButton,300,nov∪act∪tail_L13,512,129,0-1008,0.76171875,0.501953125,16/16,7/7,0.7734375,171/171/170
HAMLET,VideoPlaceButton,300,f0front∪act∪tail_L15,512,127,0-984,0.763671875,0.28125,15/16,7/7,0.802734375,81/216/215
HAMLET,VideoPlaceButton,300,f0both∪act∪tail_L15,512,125,0-968,0.802734375,0.369140625,15/16,7/7,0.68359375,161/176/175
HAMLET,RouteStick,1112,nov,512,25,0-184,0.572265625,0.75,2/2,3/3,0.716796875,
HAMLET,RouteStick,1112,act_L13,512,25,8-184,0.5234375,0.4375,2/2,3/3,0.857421875,
HAMLET,RouteStick,1112,tail_L13,512,25,8-184,0.517578125,0.814453125,2/2,3/3,0.876953125,
HAMLET,RouteStick,1112,tail_L15,512,25,8-184,0.509765625,0.685546875,2/2,3/3,0.87890625,
HAMLET,RouteStick,1112,act∪tail_L15,512,25,8-184,0.51953125,0.65234375,2/2,3/3,0.87109375,256/256
HAMLET,RouteStick,1112,nov∪act (deployed),512,25,0-184,0.578125,0.630859375,2/2,3/3,0.720703125,256/256
HAMLET,RouteStick,1112,nov∪tail_L15,512,25,0-184,0.58984375,0.7109375,2/2,3/3,0.72265625,256/256
HAMLET,RouteStick,1112,nov∪act∪tail_L15,512,25,0-184,0.5859375,0.634765625,2/2,3/3,0.732421875,171/171/170
HAMLET,RouteStick,1112,nov∪act∪tail_L13,512,25,0-184,0.583984375,0.6171875,2/2,3/3,0.736328125,171/171/170
HAMLET,RouteStick,1112,f0front∪act∪tail_L15,512,25,0-184,0.587890625,0.576171875,2/2,3/3,0.75390625,79/217/216
HAMLET,RouteStick,1112,f0both∪act∪tail_L15,512,25,0-176,0.654296875,0.63671875,2/2,3/3,0.68359375,152/180/180
